{
  "system": {
    "timestamp": "2025-08-28T19:05:00.819266",
    "load_avg": [
      0.02,
      0.06,
      0.04
    ],
    "uptime": 1167.53,
    "memory": {
      "total": 16772579328,
      "used": 1546350592,
      "available": 15226228736,
      "percent": 9.219515745074078
    }
  },
  "wolfcog": {
    "uptime": 0.021999359130859375,
    "tasks": {
      "pending": 0,
      "processed": 3,
      "errors": 0,
      "throughput": 0.6
    },
    "spaces": {
      "u": {
        "files": 3,
        "total_size": 1958,
        "last_modified": 1756406788.1932547
      },
      "e": {
        "files": 3,
        "total_size": 2329,
        "last_modified": 1756406788.1932547
      },
      "s": {
        "files": 3,
        "total_size": 2525,
        "last_modified": 1756406788.1932547
      }
    },
    "components": {
      "active_processes": 7,
      "estimated_total_memory_mb": 350,
      "health_status": "good"
    }
  }
}