{
  "system": {
    "timestamp": "2025-08-28T19:16:46.923402",
    "load_avg": [
      0.2,
      0.16,
      0.07
    ],
    "uptime": 1873.63,
    "memory": {
      "total": 16772579328,
      "used": 1562181632,
      "available": 15210397696,
      "percent": 9.313902181950676
    }
  },
  "wolfcog": {
    "uptime": 0.023264169692993164,
    "tasks": {
      "pending": 0,
      "processed": 3,
      "errors": 0,
      "throughput": 0.6
    },
    "spaces": {
      "u": {
        "files": 3,
        "total_size": 1958,
        "last_modified": 1756406788.1932547
      },
      "e": {
        "files": 3,
        "total_size": 2329,
        "last_modified": 1756406788.1932547
      },
      "s": {
        "files": 3,
        "total_size": 2525,
        "last_modified": 1756406788.1932547
      }
    },
    "components": {
      "active_processes": 7,
      "estimated_total_memory_mb": 350,
      "health_status": "good"
    }
  }
}