{
  "system": {
    "timestamp": "2025-08-28T18:48:34.029883",
    "load_avg": [
      0.11,
      0.13,
      0.06
    ],
    "uptime": 180.74,
    "memory": {
      "total": 16772579328,
      "used": 1525354496,
      "available": 15247224832,
      "percent": 9.094334664755982
    }
  },
  "wolfcog": {
    "uptime": 0.028080224990844727,
    "tasks": {
      "pending": 3,
      "processed": 0,
      "errors": 0,
      "throughput": 0
    },
    "spaces": {
      "u": {
        "files": 3,
        "total_size": 1958,
        "last_modified": 1756406788.1932547
      },
      "e": {
        "files": 3,
        "total_size": 2329,
        "last_modified": 1756406788.1932547
      },
      "s": {
        "files": 3,
        "total_size": 2525,
        "last_modified": 1756406788.1932547
      }
    },
    "components": {
      "active_processes": 7,
      "estimated_total_memory_mb": 350,
      "health_status": "good"
    }
  }
}